<?xml version="1.0" encoding="UTF-8"?>
<beans xmlns="http://www.springframework.org/schema/beans"
	xmlns:xsi="http://www.w3.org/2001/XMLSchema-instance"
	xsi:schemaLocation="http://www.springframework.org/schema/beans http://www.springframework.org/schema/beans/spring-beans.xsd">

	<!-- <bean id="localeResolver" class="org.springframework.web.servlet.i18n.SessionLocaleResolver"> 
		<property name="defaultLocale" value="en" /> </bean> -->
	

	<!-- Used for changing a User's Locale -->
	<bean id="localeChangeInterceptor" class="org.springframework.web.servlet.i18n.LocaleChangeInterceptor">
		<property name="paramName" value="language" />
	</bean>
	
	<!-- Used for changing a User's Locale by any URLs with the language parameter -->
	<bean class="org.springframework.web.servlet.mvc.annotation.DefaultAnnotationHandlerMapping">
		<property name="interceptors">
			<list>
				<ref bean="localeChangeInterceptor" />
			</list>
		</property>
	</bean>

	<!-- Register the welcome.properties -->
	<bean id="messageSource" class="org.springframework.context.support.ResourceBundleMessageSource">
		<property name="basename" value="locale/messages" />
	</bean>
</beans>
