<?xml version="1.0" encoding="UTF-8"?>
<!DOCTYPE log4j:configuration SYSTEM "log4j.dtd">

<log4j:configuration xmlns:log4j="http://jakarta.apache.org/log4j/">
  <appender name="console" class="org.apache.log4j.ConsoleAppender"> 
    <param name="Target" value="System.out"/> 
    <layout class="org.apache.log4j.PatternLayout"> 
      <param name="ConversionPattern" value="%-5p %d{ABSOLUTE} %c:%L - %m%n"/> 
    </layout> 
  </appender>
  
  <category name="it.sas.dss" additivity="false">
  	<priority value="DEBUG" />
  	<appender-ref ref="console" />
  </category>

  <root> 
    <priority value ="WARN" /> 
    <appender-ref ref="console" /> 
  </root>
  
</log4j:configuration>